ds,y
2016-01-01,48.208333333333336
2016-01-02,109.75
2016-01-03,111.70833333333333
2016-01-04,114.375
2016-01-05,119.41666666666667
2016-01-06,119.25
2016-01-07,79.16666666666667
2016-01-08,72.83333333333333
2016-01-09,39.625
2016-01-10,49.583333333333336
2016-01-11,122.625
2016-01-12,59.916666666666664
2016-01-13,122.33333333333333
2016-01-14,96.375
2016-01-15,84.875
2016-01-16,82.75
2016-01-17,23.291666666666668
2016-01-18,132.375
2016-01-19,134.33333333333334
2016-01-20,119.04166666666667
2016-01-21,111.04166666666667
2016-01-22,79.95833333333333
2016-01-23,12.0
2016-01-24,123.66666666666667
2016-01-25,123.70833333333333
2016-01-26,96.58333333333333
2016-01-27,120.95833333333333
2016-01-28,133.625
2016-01-29,56.041666666666664
2016-01-30,133.45833333333334
2016-01-31,126.375
2016-02-01,50.916666666666664
2016-02-02,146.5
2016-02-03,18.541666666666668
2016-02-04,65.95833333333333
2016-02-05,96.625
2016-02-06,142.125
2016-02-07,114.33333333333333
2016-02-08,72.375
2016-02-09,64.66666666666667
2016-02-10,137.54166666666666
2016-02-11,121.20833333333333
2016-02-12,133.70833333333334
2016-02-13,153.25
2016-02-14,178.08333333333334
2016-02-15,41.166666666666664
2016-02-16,54.083333333333336
2016-02-17,87.20833333333333
2016-02-18,183.95833333333334
2016-02-19,120.66666666666667
2016-02-20,132.375
2016-02-21,88.16666666666667
2016-02-22,183.45833333333334
2016-02-23,29.166666666666668
2016-02-24,36.125
2016-02-25,46.541666666666664
2016-02-26,126.375
2016-02-27,199.125
2016-02-28,196.5
2016-02-29,
2016-03-01,198.875
2016-03-02,209.91666666666666
2016-03-03,175.33333333333334
2016-03-04,117.16666666666667
2016-03-05,176.58333333333334
2016-03-06,138.83333333333334
2016-03-07,209.25
2016-03-08,178.54166666666666
2016-03-09,218.25
2016-03-10,191.75
2016-03-11,213.45833333333334
2016-03-12,179.375
2016-03-13,75.45833333333333
2016-03-14,31.833333333333332
2016-03-15,62.208333333333336
2016-03-16,180.91666666666666
2016-03-17,195.33333333333334
2016-03-18,201.83333333333334
2016-03-19,124.79166666666667
2016-03-20,93.375
2016-03-21,244.04166666666666
2016-03-22,247.83333333333334
2016-03-23,213.125
2016-03-24,223.95833333333334
2016-03-25,126.75
2016-03-26,261.0
2016-03-27,165.25
2016-03-28,134.29166666666666
2016-03-29,278.2083333333333
2016-03-30,271.9166666666667
2016-03-31,192.0
2016-04-01,183.45833333333334
2016-04-02,130.75
2016-04-03,285.0833333333333
2016-04-04,89.125
2016-04-05,296.0833333333333
2016-04-06,273.6666666666667
2016-04-07,137.25
2016-04-08,171.5
2016-04-09,105.54166666666667
2016-04-10,294.75
2016-04-11,230.58333333333334
2016-04-12,160.08333333333334
2016-04-13,300.75
2016-04-14,296.7916666666667
2016-04-15,300.4166666666667
2016-04-16,305.0
2016-04-17,299.7083333333333
2016-04-18,303.0416666666667
2016-04-19,277.9166666666667
2016-04-20,317.5
2016-04-21,278.7916666666667
2016-04-22,190.83333333333334
2016-04-23,176.625
2016-04-24,312.4583333333333
2016-04-25,283.0
2016-04-26,223.125
2016-04-27,112.41666666666667
2016-04-28,138.66666666666666
2016-04-29,71.45833333333333
2016-04-30,175.91666666666666
2016-05-01,78.75
2016-05-02,137.29166666666666
2016-05-03,95.29166666666667
2016-05-04,96.20833333333333
2016-05-05,139.16666666666666
2016-05-06,73.58333333333333
2016-05-07,117.29166666666667
2016-05-08,264.75
2016-05-09,260.7083333333333
2016-05-10,167.54166666666666
2016-05-11,205.91666666666666
2016-05-12,323.4583333333333
2016-05-13,106.875
2016-05-14,256.7083333333333
2016-05-15,232.91666666666666
2016-05-16,352.2083333333333
2016-05-17,161.33333333333334
2016-05-18,187.75
2016-05-19,295.25
2016-05-20,330.5416666666667
2016-05-21,119.08333333333333
2016-05-22,114.08333333333333
2016-05-23,263.25
2016-05-24,235.45833333333334
2016-05-25,345.5
2016-05-26,326.125
2016-05-27,319.8333333333333
2016-05-28,325.2916666666667
2016-05-29,321.4166666666667
2016-05-30,198.0
2016-05-31,304.3333333333333
2016-06-01,248.5
2016-06-02,322.75
2016-06-03,105.54166666666667
2016-06-04,270.6666666666667
2016-06-05,157.33333333333334
2016-06-06,341.4583333333333
2016-06-07,285.7916666666667
2016-06-08,205.54166666666666
2016-06-09,355.9583333333333
2016-06-10,364.9166666666667
2016-06-11,305.2083333333333
2016-06-12,354.0833333333333
2016-06-13,325.4166666666667
2016-06-14,359.5416666666667
2016-06-15,330.4166666666667
2016-06-16,117.04166666666667
2016-06-17,307.5416666666667
2016-06-18,331.9583333333333
2016-06-19,317.5416666666667
2016-06-20,302.75
2016-06-21,264.3333333333333
2016-06-22,303.5
2016-06-23,201.75
2016-06-24,274.5
2016-06-25,348.8333333333333
2016-06-26,315.0833333333333
2016-06-27,293.75
2016-06-28,145.04166666666666
2016-06-29,312.7083333333333
2016-06-30,339.25
2016-07-01,217.16666666666666
2016-07-02,339.0
2016-07-03,257.2916666666667
2016-07-04,257.0833333333333
2016-07-05,209.5
2016-07-06,321.9166666666667
2016-07-07,255.45833333333334
2016-07-08,220.54166666666666
2016-07-09,92.25
2016-07-10,277.0833333333333
2016-07-11,289.4583333333333
2016-07-12,315.5
2016-07-13,122.625
2016-07-14,211.79166666666666
2016-07-15,258.4583333333333
2016-07-16,236.54166666666666
2016-07-17,319.7083333333333
2016-07-18,259.5833333333333
2016-07-19,331.9583333333333
2016-07-20,319.1666666666667
2016-07-21,292.0416666666667
2016-07-22,300.3333333333333
2016-07-23,331.8333333333333
2016-07-24,314.9166666666667
2016-07-25,247.33333333333334
2016-07-26,317.3333333333333
2016-07-27,310.5416666666667
2016-07-28,180.75
2016-07-29,260.1666666666667
2016-07-30,152.54166666666666
2016-07-31,175.95833333333334
2016-08-01,143.66666666666666
2016-08-02,151.41666666666666
2016-08-03,313.125
2016-08-04,254.0
2016-08-05,241.45833333333334
2016-08-06,231.66666666666666
2016-08-07,320.7916666666667
2016-08-08,194.75
2016-08-09,256.4166666666667
2016-08-10,216.16666666666666
2016-08-11,235.16666666666666
2016-08-12,176.70833333333334
2016-08-13,270.4166666666667
2016-08-14,294.3333333333333
2016-08-15,292.875
2016-08-16,247.125
2016-08-17,286.25
2016-08-18,208.83333333333334
2016-08-19,235.79166666666666
2016-08-20,255.41666666666666
2016-08-21,176.83333333333334
2016-08-22,294.125
2016-08-23,299.875
2016-08-24,291.3333333333333
2016-08-25,209.45833333333334
2016-08-26,261.9166666666667
2016-08-27,261.625
2016-08-28,275.8333333333333
2016-08-29,268.625
2016-08-30,200.79166666666666
2016-08-31,212.375
2016-09-01,116.70833333333333
2016-09-02,250.5
2016-09-03,177.66666666666666
2016-09-04,252.16666666666666
2016-09-05,207.58333333333334
2016-09-06,141.08333333333334
2016-09-07,212.375
2016-09-08,235.33333333333334
2016-09-09,188.95833333333334
2016-09-10,209.54166666666666
2016-09-11,205.75
2016-09-12,262.0416666666667
2016-09-13,230.16666666666666
2016-09-14,247.375
2016-09-15,249.54166666666666
2016-09-16,242.20833333333334
2016-09-17,205.33333333333334
2016-09-18,126.29166666666667
2016-09-19,65.66666666666667
2016-09-20,164.875
2016-09-21,188.41666666666666
2016-09-22,235.45833333333334
2016-09-23,224.41666666666666
2016-09-24,139.16666666666666
2016-09-25,238.04166666666666
2016-09-26,176.08333333333334
2016-09-27,181.66666666666666
2016-09-28,94.625
2016-09-29,47.625
2016-09-30,48.458333333333336
2016-10-01,58.125
2016-10-02,65.16666666666667
2016-10-03,145.83333333333334
2016-10-04,83.66666666666667
2016-10-05,211.29166666666666
2016-10-06,202.5
2016-10-07,206.66666666666666
2016-10-08,65.41666666666667
2016-10-09,72.29166666666667
2016-10-10,210.375
2016-10-11,202.375
2016-10-12,181.70833333333334
2016-10-13,107.91666666666667
2016-10-14,197.125
2016-10-15,194.375
2016-10-16,169.54166666666666
2016-10-17,162.5
2016-10-18,176.16666666666666
2016-10-19,162.70833333333334
2016-10-20,113.45833333333333
2016-10-21,120.625
2016-10-22,36.916666666666664
2016-10-23,140.04166666666666
2016-10-24,130.75
2016-10-25,95.91666666666667
2016-10-26,150.79166666666666
2016-10-27,26.708333333333332
2016-10-28,133.16666666666666
2016-10-29,135.33333333333334
2016-10-30,131.25
2016-10-31,161.54166666666666
2016-11-01,148.33333333333334
2016-11-02,138.875
2016-11-03,75.33333333333333
2016-11-04,153.54166666666666
2016-11-05,147.33333333333334
2016-11-06,139.16666666666666
2016-11-07,147.125
2016-11-08,141.41666666666666
2016-11-09,22.291666666666668
2016-11-10,140.0
2016-11-11,135.75
2016-11-12,141.41666666666666
2016-11-13,139.625
2016-11-14,114.375
2016-11-15,90.375
2016-11-16,102.125
2016-11-17,127.375
2016-11-18,128.125
2016-11-19,124.95833333333333
2016-11-20,63.583333333333336
2016-11-21,54.958333333333336
2016-11-22,106.41666666666667
2016-11-23,127.0
2016-11-24,40.875
2016-11-25,41.833333333333336
2016-11-26,67.58333333333333
2016-11-27,95.20833333333333
2016-11-28,114.54166666666667
2016-11-29,9.958333333333334
2016-11-30,14.166666666666666
2016-12-01,70.20833333333333
2016-12-02,112.29166666666667
2016-12-03,70.0
2016-12-04,105.04166666666667
2016-12-05,89.91666666666667
2016-12-06,36.958333333333336
2016-12-07,50.041666666666664
2016-12-08,51.375
2016-12-09,66.125
2016-12-10,80.41666666666667
2016-12-11,49.541666666666664
2016-12-12,34.5
2016-12-13,87.125
2016-12-14,104.95833333333333
2016-12-15,81.66666666666667
2016-12-16,94.83333333333333
2016-12-17,30.125
2016-12-18,31.458333333333332
2016-12-19,110.79166666666667
2016-12-20,110.95833333333333
2016-12-21,72.625
2016-12-22,80.08333333333333
2016-12-23,98.83333333333333
2016-12-24,31.833333333333332
2016-12-25,107.125
2016-12-26,70.0
2016-12-27,64.625
2016-12-28,61.125
2016-12-29,6.833333333333333
2016-12-30,68.83333333333333
2016-12-31,107.08333333333333
2017-01-01,110.66666666666667
2017-01-02,19.333333333333332
2017-01-03,38.791666666666664
2017-01-04,80.625
2017-01-05,67.45833333333333
2017-01-06,100.83333333333333
2017-01-07,24.291666666666668
2017-01-08,109.75
2017-01-09,82.20833333333333
2017-01-10,73.0
2017-01-11,89.625
2017-01-12,75.91666666666667
2017-01-13,110.83333333333333
2017-01-14,40.708333333333336
2017-01-15,115.875
2017-01-16,116.16666666666667
2017-01-17,38.083333333333336
2017-01-18,26.583333333333332
2017-01-19,55.375
2017-01-20,43.791666666666664
2017-01-21,55.458333333333336
2017-01-22,37.125
2017-01-23,14.333333333333334
2017-01-24,45.625
2017-01-25,117.75
2017-01-26,97.95833333333333
2017-01-27,60.083333333333336
2017-01-28,42.041666666666664
2017-01-29,116.58333333333333
2017-01-30,111.04166666666667
2017-01-31,22.291666666666668
2017-02-01,80.625
2017-02-02,122.16666666666667
2017-02-03,93.54166666666667
2017-02-04,158.70833333333334
2017-02-05,63.333333333333336
2017-02-06,154.91666666666666
2017-02-07,30.75
2017-02-08,135.5
2017-02-09,99.54166666666667
2017-02-10,158.66666666666666
2017-02-11,113.54166666666667
2017-02-12,17.833333333333332
2017-02-13,101.625
2017-02-14,131.58333333333334
2017-02-15,96.875
2017-02-16,139.0
2017-02-17,180.83333333333334
2017-02-18,172.58333333333334
2017-02-19,148.75
2017-02-20,188.16666666666666
2017-02-21,147.125
2017-02-22,110.375
2017-02-23,137.66666666666666
2017-02-24,180.5
2017-02-25,149.125
2017-02-26,150.375
2017-02-27,139.04166666666666
2017-02-28,159.41666666666666
2017-03-01,83.66666666666667
2017-03-02,212.91666666666666
2017-03-03,143.25
2017-03-04,167.70833333333334
2017-03-05,226.95833333333334
2017-03-06,167.29166666666666
2017-03-07,88.54166666666667
2017-03-08,194.79166666666666
2017-03-09,222.08333333333334
2017-03-10,107.70833333333333
2017-03-11,197.83333333333334
2017-03-12,198.79166666666666
2017-03-13,235.5
2017-03-14,120.66666666666667
2017-03-15,164.20833333333334
2017-03-16,254.58333333333334
2017-03-17,238.91666666666666
2017-03-18,52.416666666666664
2017-03-19,239.20833333333334
2017-03-20,242.33333333333334
2017-03-21,187.45833333333334
2017-03-22,267.5416666666667
2017-03-23,265.2916666666667
2017-03-24,158.95833333333334
2017-03-25,53.166666666666664
2017-03-26,56.125
2017-03-27,82.5
2017-03-28,66.29166666666667
2017-03-29,263.5833333333333
2017-03-30,169.58333333333334
2017-03-31,36.833333333333336
2017-04-01,116.79166666666667
2017-04-02,276.75
2017-04-03,205.08333333333334
2017-04-04,140.33333333333334
2017-04-05,264.0833333333333
2017-04-06,56.625
2017-04-07,111.41666666666667
2017-04-08,294.625
2017-04-09,290.875
2017-04-10,280.2916666666667
2017-04-11,273.7916666666667
2017-04-12,162.70833333333334
2017-04-13,256.875
2017-04-14,270.5833333333333
2017-04-15,125.58333333333333
2017-04-16,243.20833333333334
2017-04-17,159.58333333333334
2017-04-18,306.0416666666667
2017-04-19,178.875
2017-04-20,215.45833333333334
2017-04-21,127.04166666666667
2017-04-22,85.54166666666667
2017-04-23,305.1666666666667
2017-04-24,123.08333333333333
2017-04-25,69.66666666666667
2017-04-26,126.54166666666667
2017-04-27,231.375
2017-04-28,312.0833333333333
2017-04-29,228.0
2017-04-30,170.54166666666666
2017-05-01,208.41666666666666
2017-05-02,269.2916666666667
2017-05-03,249.79166666666666
2017-05-04,283.6666666666667
2017-05-05,94.20833333333333
2017-05-06,117.83333333333333
2017-05-07,124.29166666666667
2017-05-08,274.6666666666667
2017-05-09,313.4166666666667
2017-05-10,275.875
2017-05-11,180.75
2017-05-12,195.08333333333334
2017-05-13,77.125
2017-05-14,247.04166666666666
2017-05-15,330.0416666666667
2017-05-16,324.125
2017-05-17,330.6666666666667
2017-05-18,318.8333333333333
2017-05-19,320.6666666666667
2017-05-20,111.29166666666667
2017-05-21,321.0416666666667
2017-05-22,69.5
2017-05-23,169.16666666666666
2017-05-24,226.41666666666666
2017-05-25,121.70833333333333
2017-05-26,175.29166666666666
2017-05-27,233.5
2017-05-28,264.9583333333333
2017-05-29,98.58333333333333
2017-05-30,127.29166666666667
2017-05-31,275.0416666666667
2017-06-01,327.625
2017-06-02,309.0833333333333
2017-06-03,283.3333333333333
2017-06-04,133.91666666666666
2017-06-05,131.95833333333334
2017-06-06,71.75
2017-06-07,208.70833333333334
2017-06-08,250.95833333333334
2017-06-09,322.4166666666667
2017-06-10,275.625
2017-06-11,345.75
2017-06-12,347.7916666666667
2017-06-13,339.5833333333333
2017-06-14,220.79166666666666
2017-06-15,315.4583333333333
2017-06-16,156.08333333333334
2017-06-17,118.125
2017-06-18,251.125
2017-06-19,222.16666666666666
2017-06-20,343.4583333333333
2017-06-21,308.8333333333333
2017-06-22,324.875
2017-06-23,120.5
2017-06-24,311.625
2017-06-25,268.9583333333333
2017-06-26,316.875
2017-06-27,285.125
2017-06-28,351.5416666666667
2017-06-29,313.9583333333333
2017-06-30,314.3333333333333
2017-07-01,206.04166666666666
2017-07-02,340.5833333333333
2017-07-03,327.0416666666667
2017-07-04,286.875
2017-07-05,217.16666666666666
2017-07-06,134.375
2017-07-07,191.25
2017-07-08,311.5416666666667
2017-07-09,355.7916666666667
2017-07-10,224.29166666666666
2017-07-11,230.0
2017-07-12,284.2916666666667
2017-07-13,222.66666666666666
2017-07-14,64.58333333333333
2017-07-15,252.29166666666666
2017-07-16,327.0833333333333
2017-07-17,284.125
2017-07-18,294.125
2017-07-19,292.125
2017-07-20,294.5
2017-07-21,296.875
2017-07-22,263.625
2017-07-23,226.16666666666666
2017-07-24,247.875
2017-07-25,143.75
2017-07-26,185.04166666666666
2017-07-27,156.25
2017-07-28,240.20833333333334
2017-07-29,142.0
2017-07-30,333.0833333333333
2017-07-31,314.375
2017-08-01,303.4583333333333
2017-08-02,162.16666666666666
2017-08-03,257.8333333333333
2017-08-04,307.0416666666667
2017-08-05,246.75
2017-08-06,265.7083333333333
2017-08-07,67.79166666666667
2017-08-08,227.95833333333334
2017-08-09,316.5833333333333
2017-08-10,286.875
2017-08-11,220.08333333333334
2017-08-12,163.25
2017-08-13,300.1666666666667
2017-08-14,196.29166666666666
2017-08-15,82.75
2017-08-16,269.6666666666667
2017-08-17,257.0
2017-08-18,118.875
2017-08-19,288.7916666666667
2017-08-20,294.9166666666667
2017-08-21,270.0
2017-08-22,238.54166666666666
2017-08-23,268.2083333333333
2017-08-24,289.2916666666667
2017-08-25,254.125
2017-08-26,280.7083333333333
2017-08-27,235.125
2017-08-28,243.70833333333334
2017-08-29,60.416666666666664
2017-08-30,276.0416666666667
2017-08-31,221.20833333333334
2017-09-01,263.5
2017-09-02,108.41666666666667
2017-09-03,120.75
2017-09-04,262.5
2017-09-05,250.0
2017-09-06,61.375
2017-09-07,226.66666666666666
2017-09-08,245.70833333333334
2017-09-09,241.625
2017-09-10,254.25
2017-09-11,248.29166666666666
2017-09-12,215.45833333333334
2017-09-13,139.66666666666666
2017-09-14,162.375
2017-09-15,224.375
2017-09-16,156.91666666666666
2017-09-17,140.5
2017-09-18,89.79166666666667
2017-09-19,105.20833333333333
2017-09-20,174.04166666666666
2017-09-21,218.91666666666666
2017-09-22,214.0
2017-09-23,230.08333333333334
2017-09-24,223.79166666666666
2017-09-25,217.29166666666666
2017-09-26,175.20833333333334
2017-09-27,186.375
2017-09-28,224.58333333333334
2017-09-29,183.25
2017-09-30,123.08333333333333
2017-10-01,220.79166666666666
2017-10-02,220.70833333333334
2017-10-03,216.45833333333334
2017-10-04,214.08333333333334
2017-10-05,162.91666666666666
2017-10-06,167.70833333333334
2017-10-07,158.33333333333334
2017-10-08,69.58333333333333
2017-10-09,50.708333333333336
2017-10-10,170.66666666666666
2017-10-11,75.04166666666667
2017-10-12,53.5
2017-10-13,66.66666666666667
2017-10-14,98.95833333333333
2017-10-15,64.04166666666667
2017-10-16,185.58333333333334
2017-10-17,188.70833333333334
2017-10-18,180.41666666666666
2017-10-19,184.625
2017-10-20,177.20833333333334
2017-10-21,167.75
2017-10-22,173.79166666666666
2017-10-23,99.25
2017-10-24,75.45833333333333
2017-10-25,109.95833333333333
2017-10-26,73.08333333333333
2017-10-27,163.66666666666666
2017-10-28,161.33333333333334
2017-10-29,24.791666666666668
2017-10-30,142.41666666666666
2017-10-31,148.25
2017-11-01,83.16666666666667
2017-11-02,136.58333333333334
2017-11-03,111.70833333333333
2017-11-04,126.45833333333333
2017-11-05,71.54166666666667
2017-11-06,40.583333333333336
2017-11-07,42.125
2017-11-08,125.70833333333333
2017-11-09,64.45833333333333
2017-11-10,140.25
2017-11-11,136.875
2017-11-12,114.29166666666667
2017-11-13,40.833333333333336
2017-11-14,98.0
2017-11-15,127.875
2017-11-16,99.0
2017-11-17,135.70833333333334
2017-11-18,48.625
2017-11-19,99.79166666666667
2017-11-20,125.0
2017-11-21,115.41666666666667
2017-11-22,58.041666666666664
2017-11-23,127.20833333333333
2017-11-24,120.79166666666667
2017-11-25,118.04166666666667
2017-11-26,114.33333333333333
2017-11-27,117.79166666666667
2017-11-28,113.45833333333333
2017-11-29,110.33333333333333
2017-11-30,90.75
2017-12-01,109.58333333333333
2017-12-02,92.625
2017-12-03,44.291666666666664
2017-12-04,98.04166666666667
2017-12-05,35.125
2017-12-06,86.08333333333333
2017-12-07,113.29166666666667
2017-12-08,54.25
2017-12-09,29.041666666666668
2017-12-10,110.83333333333333
2017-12-11,111.16666666666667
2017-12-12,54.291666666666664
2017-12-13,109.66666666666667
2017-12-14,106.83333333333333
2017-12-15,33.375
2017-12-16,93.33333333333333
2017-12-17,66.0
2017-12-18,87.75
2017-12-19,91.29166666666667
2017-12-20,75.29166666666667
2017-12-21,103.70833333333333
2017-12-22,32.083333333333336
2017-12-23,15.916666666666666
2017-12-24,60.0
2017-12-25,88.75
2017-12-26,97.625
2017-12-27,106.20833333333333
2017-12-28,113.25
2017-12-29,89.91666666666667
2017-12-30,54.541666666666664
2017-12-31,83.79166666666667
2018-01-01,113.625
2018-01-02,110.91666666666667
2018-01-03,104.41666666666667
2018-01-04,57.5
2018-01-05,115.875
2018-01-06,121.125
2018-01-07,117.20833333333333
2018-01-08,75.66666666666667
2018-01-09,119.66666666666667
2018-01-10,110.875
2018-01-11,72.08333333333333
2018-01-12,49.541666666666664
2018-01-13,100.54166666666667
2018-01-14,129.41666666666666
2018-01-15,58.416666666666664
2018-01-16,76.66666666666667
2018-01-17,46.0
2018-01-18,133.29166666666666
2018-01-19,113.41666666666667
2018-01-20,124.54166666666667
2018-01-21,90.75
2018-01-22,45.458333333333336
2018-01-23,61.333333333333336
2018-01-24,71.91666666666667
2018-01-25,135.70833333333334
2018-01-26,137.54166666666666
2018-01-27,115.54166666666667
2018-01-28,23.208333333333332
2018-01-29,51.708333333333336
2018-01-30,55.666666666666664
2018-01-31,143.08333333333334
2018-02-01,76.79166666666667
2018-02-02,82.08333333333333
2018-02-03,154.79166666666666
2018-02-04,36.583333333333336
2018-02-05,154.25
2018-02-06,50.125
2018-02-07,9.625
2018-02-08,164.125
2018-02-09,79.58333333333333
2018-02-10,30.083333333333332
2018-02-11,13.291666666666666
2018-02-12,70.04166666666667
2018-02-13,154.125
2018-02-14,151.54166666666666
2018-02-15,70.375
2018-02-16,32.75
2018-02-17,75.375
2018-02-18,187.79166666666666
2018-02-19,74.875
2018-02-20,115.70833333333333
2018-02-21,135.0
2018-02-22,16.208333333333332
2018-02-23,23.708333333333332
2018-02-24,45.916666666666664
2018-02-25,18.375
2018-02-26,73.08333333333333
2018-02-27,203.70833333333334
2018-02-28,188.29166666666666
2018-03-01,67.45833333333333
2018-03-02,18.416666666666668
2018-03-03,154.20833333333334
2018-03-04,157.33333333333334
2018-03-05,184.70833333333334
2018-03-06,207.16666666666666
2018-03-07,25.833333333333332
2018-03-08,191.625
2018-03-09,189.125
2018-03-10,207.70833333333334
2018-03-11,241.0
2018-03-12,174.95833333333334
2018-03-13,187.41666666666666
2018-03-14,176.45833333333334
2018-03-15,209.79166666666666
2018-03-16,175.125
2018-03-17,193.625
2018-03-18,250.29166666666666
2018-03-19,231.83333333333334
2018-03-20,29.416666666666668
2018-03-21,36.458333333333336
2018-03-22,211.29166666666666
2018-03-23,250.20833333333334
2018-03-24,262.375
2018-03-25,110.20833333333333
2018-03-26,268.25
2018-03-27,127.08333333333333
2018-03-28,81.20833333333333
2018-03-29,119.75
2018-03-30,82.83333333333333
2018-03-31,283.2083333333333
2018-04-01,138.33333333333334
2018-04-02,135.16666666666666
2018-04-03,98.79166666666667
2018-04-04,127.79166666666667
2018-04-05,246.04166666666666
2018-04-06,151.08333333333334
2018-04-07,140.41666666666666
2018-04-08,275.5416666666667
2018-04-09,227.95833333333334
2018-04-10,170.70833333333334
2018-04-11,240.91666666666666
2018-04-12,180.04166666666666
2018-04-13,239.16666666666666
2018-04-14,280.6666666666667
2018-04-15,38.375
2018-04-16,86.45833333333333
2018-04-17,106.58333333333333
2018-04-18,289.1666666666667
2018-04-19,58.0
2018-04-20,314.2083333333333
2018-04-21,284.5833333333333
2018-04-22,304.25
2018-04-23,315.9583333333333
2018-04-24,197.0
2018-04-25,60.375
2018-04-26,318.2916666666667
2018-04-27,53.333333333333336
2018-04-28,250.75
2018-04-29,165.70833333333334
2018-04-30,145.29166666666666
2018-05-01,325.4583333333333
2018-05-02,319.2083333333333
2018-05-03,304.5833333333333
2018-05-04,162.91666666666666
2018-05-05,186.125
2018-05-06,86.79166666666667
2018-05-07,264.7083333333333
2018-05-08,325.2916666666667
2018-05-09,306.5833333333333
2018-05-10,197.0
2018-05-11,315.4166666666667
2018-05-12,95.66666666666667
2018-05-13,42.791666666666664
2018-05-14,198.625
2018-05-15,293.9583333333333
2018-05-16,46.708333333333336
2018-05-17,83.04166666666667
2018-05-18,105.66666666666667
2018-05-19,46.416666666666664
2018-05-20,204.16666666666666
2018-05-21,335.5
2018-05-22,58.75
2018-05-23,272.9583333333333
2018-05-24,350.7083333333333
2018-05-25,331.7916666666667
2018-05-26,266.7083333333333
2018-05-27,47.083333333333336
2018-05-28,131.91666666666666
2018-05-29,265.4166666666667
2018-05-30,129.29166666666666
2018-05-31,81.54166666666667
2018-06-01,187.91666666666666
2018-06-02,192.83333333333334
2018-06-03,108.875
2018-06-04,270.0833333333333
2018-06-05,288.5
2018-06-06,176.33333333333334
2018-06-07,246.83333333333334
2018-06-08,280.8333333333333
2018-06-09,258.5416666666667
2018-06-10,67.20833333333333
2018-06-11,248.75
2018-06-12,361.6666666666667
2018-06-13,127.58333333333333
2018-06-14,361.7916666666667
2018-06-15,344.8333333333333
2018-06-16,355.1666666666667
2018-06-17,331.0416666666667
2018-06-18,299.7083333333333
2018-06-19,296.0
2018-06-20,251.58333333333334
2018-06-21,228.70833333333334
2018-06-22,110.375
2018-06-23,83.41666666666667
2018-06-24,262.875
2018-06-25,347.625
2018-06-26,266.75
2018-06-27,71.83333333333333
2018-06-28,290.6666666666667
2018-06-29,343.3333333333333
2018-06-30,345.875
2018-07-01,289.4166666666667
2018-07-02,341.4166666666667
2018-07-03,262.9583333333333
2018-07-04,243.875
2018-07-05,301.25
2018-07-06,123.5
2018-07-07,364.5416666666667
2018-07-08,359.0
2018-07-09,356.2083333333333
2018-07-10,349.375
2018-07-11,317.6666666666667
2018-07-12,247.04166666666666
2018-07-13,306.1666666666667
2018-07-14,324.2083333333333
2018-07-15,142.33333333333334
2018-07-16,297.7083333333333
2018-07-17,198.91666666666666
2018-07-18,323.875
2018-07-19,351.9166666666667
2018-07-20,314.2916666666667
2018-07-21,126.58333333333333
2018-07-22,196.70833333333334
2018-07-23,154.16666666666666
2018-07-24,226.125
2018-07-25,122.375
2018-07-26,262.5833333333333
2018-07-27,191.375
2018-07-28,260.125
2018-07-29,277.875
2018-07-30,131.41666666666666
2018-07-31,153.75
2018-08-01,231.29166666666666
2018-08-02,198.125
2018-08-03,176.75
2018-08-04,260.625
2018-08-05,308.25
2018-08-06,276.2916666666667
2018-08-07,263.5416666666667
2018-08-08,249.91666666666666
2018-08-09,303.75
2018-08-10,268.2083333333333
2018-08-11,135.16666666666666
2018-08-12,187.5
2018-08-13,105.75
2018-08-14,192.375
2018-08-15,283.2083333333333
2018-08-16,241.5
2018-08-17,203.91666666666666
2018-08-18,183.95833333333334
2018-08-19,50.375
2018-08-20,170.83333333333334
2018-08-21,116.08333333333333
2018-08-22,250.08333333333334
2018-08-23,293.375
2018-08-24,292.0416666666667
2018-08-25,238.70833333333334
2018-08-26,258.5833333333333
2018-08-27,247.70833333333334
2018-08-28,269.0416666666667
2018-08-29,268.375
2018-08-30,262.375
2018-08-31,42.083333333333336
2018-09-01,156.58333333333334
2018-09-02,177.0
2018-09-03,242.54166666666666
2018-09-04,252.875
2018-09-05,238.58333333333334
2018-09-06,248.66666666666666
2018-09-07,120.25
2018-09-08,59.625
2018-09-09,38.041666666666664
2018-09-10,33.125
2018-09-11,75.83333333333333
2018-09-12,74.79166666666667
2018-09-13,45.666666666666664
2018-09-14,69.33333333333333
2018-09-15,135.04166666666666
2018-09-16,239.16666666666666
2018-09-17,88.625
2018-09-18,56.75
2018-09-19,198.45833333333334
2018-09-20,89.125
2018-09-21,76.625
2018-09-22,137.79166666666666
2018-09-23,27.375
2018-09-24,118.70833333333333
2018-09-25,36.833333333333336
2018-09-26,149.875
2018-09-27,160.875
2018-09-28,81.04166666666667
2018-09-29,217.29166666666666
2018-09-30,210.5
2018-10-01,166.66666666666666
2018-10-02,132.29166666666666
2018-10-03,183.83333333333334
2018-10-04,114.79166666666667
2018-10-05,122.20833333333333
2018-10-06,34.625
2018-10-07,111.625
2018-10-08,31.708333333333332
2018-10-09,101.125
2018-10-10,158.20833333333334
2018-10-11,62.166666666666664
2018-10-12,203.75
2018-10-13,83.83333333333333
2018-10-14,67.66666666666667
2018-10-15,26.666666666666668
2018-10-16,141.625
2018-10-17,170.83333333333334
2018-10-18,185.125
2018-10-19,151.91666666666666
2018-10-20,92.25
2018-10-21,126.08333333333333
2018-10-22,140.70833333333334
2018-10-23,157.95833333333334
2018-10-24,159.70833333333334
2018-10-25,169.08333333333334
2018-10-26,81.875
2018-10-27,37.041666666666664
2018-10-28,78.20833333333333
2018-10-29,69.83333333333333
2018-10-30,164.54166666666666
2018-10-31,145.83333333333334
2018-11-01,126.04166666666667
2018-11-02,33.083333333333336
2018-11-03,138.20833333333334
2018-11-04,154.58333333333334
2018-11-05,19.458333333333332
2018-11-06,14.166666666666666
2018-11-07,121.91666666666667
2018-11-08,138.58333333333334
2018-11-09,20.458333333333332
2018-11-10,126.75
2018-11-11,144.16666666666666
2018-11-12,86.83333333333333
2018-11-13,30.833333333333332
2018-11-14,114.33333333333333
2018-11-15,17.791666666666668
2018-11-16,110.375
2018-11-17,80.04166666666667
2018-11-18,43.375
2018-11-19,79.83333333333333
2018-11-20,49.916666666666664
2018-11-21,103.29166666666667
2018-11-22,133.29166666666666
2018-11-23,126.83333333333333
2018-11-24,35.625
2018-11-25,87.83333333333333
2018-11-26,18.833333333333332
2018-11-27,60.375
2018-11-28,58.791666666666664
2018-11-29,97.04166666666667
2018-11-30,25.291666666666668
2018-12-01,74.54166666666667
2018-12-02,32.0
2018-12-03,72.83333333333333
2018-12-04,89.91666666666667
2018-12-05,53.291666666666664
2018-12-06,59.708333333333336
2018-12-07,116.54166666666667
2018-12-08,98.83333333333333
2018-12-09,50.166666666666664
2018-12-10,113.20833333333333
2018-12-11,112.04166666666667
2018-12-12,89.20833333333333
2018-12-13,40.291666666666664
2018-12-14,28.791666666666668
2018-12-15,10.458333333333334
2018-12-16,12.125
2018-12-17,59.0
2018-12-18,111.625
2018-12-19,86.0
2018-12-20,28.625
2018-12-21,19.333333333333332
2018-12-22,28.083333333333332
2018-12-23,105.41666666666667
2018-12-24,47.708333333333336
2018-12-25,61.375
2018-12-26,103.29166666666667
2018-12-27,101.70833333333333
2018-12-28,7.708333333333333
2018-12-29,107.08333333333333
2018-12-30,50.583333333333336
2018-12-31,23.25
2019-01-01,55.458333333333336
2019-01-02,60.833333333333336
2019-01-03,48.083333333333336
2019-01-04,60.75
2019-01-05,17.166666666666668
2019-01-06,78.5
2019-01-07,84.75
2019-01-08,22.208333333333332
2019-01-09,96.45833333333333
2019-01-10,69.08333333333333
2019-01-11,121.66666666666667
2019-01-12,100.20833333333333
2019-01-13,63.625
2019-01-14,122.0
2019-01-15,112.66666666666667
2019-01-16,30.583333333333332
2019-01-17,82.16666666666667
2019-01-18,37.583333333333336
2019-01-19,23.125
2019-01-20,54.875
2019-01-21,111.41666666666667
2019-01-22,134.20833333333334
2019-01-23,55.041666666666664
2019-01-24,12.958333333333334
2019-01-25,124.25
2019-01-26,115.41666666666667
2019-01-27,93.0
2019-01-28,102.0
2019-01-29,39.541666666666664
2019-01-30,126.95833333333333
2019-01-31,153.875
2019-02-01,100.54166666666667
2019-02-02,127.29166666666667
2019-02-03,123.04166666666667
2019-02-04,150.58333333333334
2019-02-05,142.91666666666666
2019-02-06,96.0
2019-02-07,50.708333333333336
2019-02-08,76.41666666666667
2019-02-09,167.5
2019-02-10,133.75
2019-02-11,62.833333333333336
2019-02-12,24.458333333333332
2019-02-13,114.375
2019-02-14,158.45833333333334
2019-02-15,83.83333333333333
2019-02-16,177.95833333333334
2019-02-17,131.625
2019-02-18,66.70833333333333
2019-02-19,184.04166666666666
2019-02-20,29.333333333333332
2019-02-21,180.33333333333334
2019-02-22,110.29166666666667
2019-02-23,73.41666666666667
2019-02-24,29.0
2019-02-25,200.0
2019-02-26,182.79166666666666
2019-02-27,99.0
2019-02-28,196.0
2019-03-01,67.91666666666667
2019-03-02,121.79166666666667
2019-03-03,135.83333333333334
2019-03-04,200.54166666666666
2019-03-05,230.625
2019-03-06,186.29166666666666
2019-03-07,154.375
2019-03-08,169.5
2019-03-09,219.75
2019-03-10,39.083333333333336
2019-03-11,197.83333333333334
2019-03-12,235.70833333333334
2019-03-13,170.45833333333334
2019-03-14,182.08333333333334
2019-03-15,131.54166666666666
2019-03-16,215.0
2019-03-17,246.91666666666666
2019-03-18,202.29166666666666
2019-03-19,247.58333333333334
2019-03-20,230.25
2019-03-21,23.833333333333332
2019-03-22,110.70833333333333
2019-03-23,257.9583333333333
2019-03-24,236.79166666666666
2019-03-25,44.625
2019-03-26,276.125
2019-03-27,257.2916666666667
2019-03-28,255.33333333333334
2019-03-29,60.0
2019-03-30,211.625
2019-03-31,57.333333333333336
2019-04-01,286.3333333333333
2019-04-02,178.45833333333334
2019-04-03,279.0416666666667
2019-04-04,260.5833333333333
2019-04-05,62.375
2019-04-06,249.20833333333334
2019-04-07,232.0
2019-04-08,181.83333333333334
2019-04-09,211.58333333333334
2019-04-10,271.125
2019-04-11,169.66666666666666
2019-04-12,162.91666666666666
2019-04-13,188.20833333333334
2019-04-14,71.41666666666667
2019-04-15,104.58333333333333
2019-04-16,282.125
2019-04-17,199.95833333333334
2019-04-18,188.20833333333334
2019-04-19,121.41666666666667
2019-04-20,112.04166666666667
2019-04-21,151.45833333333334
2019-04-22,122.70833333333333
2019-04-23,274.4583333333333
2019-04-24,320.0
2019-04-25,167.75
2019-04-26,66.08333333333333
2019-04-27,312.7083333333333
2019-04-28,146.33333333333334
2019-04-29,275.5833333333333
2019-04-30,154.54166666666666
2019-05-01,79.0
2019-05-02,258.9166666666667
2019-05-03,91.83333333333333
2019-05-04,152.95833333333334
2019-05-05,35.041666666666664
2019-05-06,255.66666666666666
2019-05-07,260.875
2019-05-08,193.04166666666666
2019-05-09,82.75
2019-05-10,141.33333333333334
2019-05-11,261.5
2019-05-12,35.458333333333336
2019-05-13,48.916666666666664
2019-05-14,113.91666666666667
2019-05-15,326.0833333333333
2019-05-16,305.7083333333333
2019-05-17,189.16666666666666
2019-05-18,323.75
2019-05-19,309.5
2019-05-20,229.375
2019-05-21,339.0833333333333
2019-05-22,320.125
2019-05-23,179.125
2019-05-24,342.0833333333333
2019-05-25,240.45833333333334
2019-05-26,277.875
2019-05-27,317.0
2019-05-28,102.79166666666667
2019-05-29,180.5
2019-05-30,178.33333333333334
2019-05-31,323.75
2019-06-01,263.4166666666667
2019-06-02,264.5833333333333
2019-06-03,343.5416666666667
2019-06-04,352.5416666666667
2019-06-05,246.58333333333334
2019-06-06,262.8333333333333
2019-06-07,214.83333333333334
2019-06-08,284.4166666666667
2019-06-09,343.1666666666667
2019-06-10,71.41666666666667
2019-06-11,325.7083333333333
2019-06-12,309.0
2019-06-13,135.91666666666666
2019-06-14,286.2916666666667
2019-06-15,316.375
2019-06-16,206.20833333333334
2019-06-17,147.33333333333334
2019-06-18,103.20833333333333
2019-06-19,53.833333333333336
2019-06-20,142.54166666666666
2019-06-21,218.83333333333334
2019-06-22,342.2083333333333
2019-06-23,358.3333333333333
2019-06-24,243.41666666666666
2019-06-25,208.70833333333334
2019-06-26,347.9583333333333
2019-06-27,345.4166666666667
2019-06-28,299.3333333333333
2019-06-29,267.625
2019-06-30,331.0
2019-07-01,354.9166666666667
2019-07-02,284.0833333333333
2019-07-03,201.95833333333334
2019-07-04,328.1666666666667
2019-07-05,182.16666666666666
2019-07-06,195.04166666666666
2019-07-07,255.58333333333334
2019-07-08,170.75
2019-07-09,321.9166666666667
2019-07-10,266.25
2019-07-11,137.41666666666666
2019-07-12,323.8333333333333
2019-07-13,334.0416666666667
2019-07-14,289.3333333333333
2019-07-15,348.2083333333333
2019-07-16,323.4583333333333
2019-07-17,276.5
2019-07-18,125.125
2019-07-19,293.0
2019-07-20,317.75
2019-07-21,323.625
2019-07-22,254.125
2019-07-23,94.20833333333333
2019-07-24,279.4583333333333
2019-07-25,318.0833333333333
2019-07-26,285.0
2019-07-27,314.5416666666667
2019-07-28,317.2083333333333
2019-07-29,310.8333333333333
2019-07-30,292.7083333333333
2019-07-31,154.54166666666666
2019-08-01,250.41666666666666
2019-08-02,230.08333333333334
2019-08-03,304.2916666666667
2019-08-04,305.4583333333333
2019-08-05,240.75
2019-08-06,192.29166666666666
2019-08-07,192.5
2019-08-08,246.625
2019-08-09,302.9166666666667
2019-08-10,299.9583333333333
2019-08-11,314.5833333333333
2019-08-12,306.8333333333333
2019-08-13,77.04166666666667
2019-08-14,107.66666666666667
2019-08-15,273.875
2019-08-16,183.125
2019-08-17,210.54166666666666
2019-08-18,196.58333333333334
2019-08-19,240.375
2019-08-20,260.1666666666667
2019-08-21,181.16666666666666
2019-08-22,268.5
2019-08-23,54.666666666666664
2019-08-24,264.375
2019-08-25,244.79166666666666
2019-08-26,222.08333333333334
2019-08-27,133.58333333333334
2019-08-28,150.33333333333334
2019-08-29,291.5
2019-08-30,271.2083333333333
2019-08-31,260.5
2019-09-01,231.375
2019-09-02,105.83333333333333
2019-09-03,264.375
2019-09-04,211.91666666666666
2019-09-05,162.70833333333334
2019-09-06,46.291666666666664
2019-09-07,242.0
2019-09-08,219.83333333333334
2019-09-09,138.54166666666666
2019-09-10,152.54166666666666
2019-09-11,239.45833333333334
2019-09-12,139.25
2019-09-13,122.5
2019-09-14,101.16666666666667
2019-09-15,236.875
2019-09-16,138.95833333333334
2019-09-17,254.08333333333334
2019-09-18,215.83333333333334
2019-09-19,256.5416666666667
2019-09-20,239.79166666666666
2019-09-21,241.79166666666666
2019-09-22,223.20833333333334
2019-09-23,207.5
2019-09-24,189.16666666666666
2019-09-25,235.58333333333334
2019-09-26,157.04166666666666
2019-09-27,224.875
2019-09-28,172.29166666666666
2019-09-29,155.66666666666666
2019-09-30,65.20833333333333
2019-10-01,182.20833333333334
2019-10-02,197.45833333333334
2019-10-03,31.416666666666668
2019-10-04,207.375
2019-10-05,223.16666666666666
2019-10-06,39.208333333333336
2019-10-07,114.41666666666667
2019-10-08,61.291666666666664
2019-10-09,38.875
2019-10-10,146.375
2019-10-11,110.16666666666667
2019-10-12,154.20833333333334
2019-10-13,135.04166666666666
2019-10-14,188.45833333333334
2019-10-15,179.58333333333334
2019-10-16,33.75
2019-10-17,104.75
2019-10-18,121.125
2019-10-19,187.79166666666666
2019-10-20,22.541666666666668
2019-10-21,178.375
2019-10-22,26.958333333333332
2019-10-23,179.75
2019-10-24,175.54166666666666
2019-10-25,113.375
2019-10-26,117.16666666666667
2019-10-27,49.5
2019-10-28,114.04166666666667
2019-10-29,63.416666666666664
2019-10-30,46.875
2019-10-31,27.0
2019-11-01,164.75
2019-11-02,157.75
2019-11-03,150.875
2019-11-04,153.83333333333334
2019-11-05,60.0
2019-11-06,152.16666666666666
2019-11-07,53.625
2019-11-08,149.70833333333334
2019-11-09,134.875
2019-11-10,64.04166666666667
2019-11-11,111.33333333333333
2019-11-12,13.583333333333334
2019-11-13,145.45833333333334
2019-11-14,110.04166666666667
2019-11-15,120.33333333333333
2019-11-16,140.25
2019-11-17,64.54166666666667
2019-11-18,30.833333333333332
2019-11-19,109.29166666666667
2019-11-20,75.79166666666667
2019-11-21,114.0
2019-11-22,18.041666666666668
2019-11-23,97.16666666666667
2019-11-24,38.75
2019-11-25,120.70833333333333
2019-11-26,121.25
2019-11-27,40.916666666666664
2019-11-28,82.41666666666667
2019-11-29,110.54166666666667
2019-11-30,87.41666666666667
2019-12-01,7.416666666666667
2019-12-02,21.708333333333332
2019-12-03,115.875
2019-12-04,27.541666666666668
2019-12-05,46.458333333333336
2019-12-06,48.291666666666664
2019-12-07,96.04166666666667
2019-12-08,84.08333333333333
2019-12-09,17.791666666666668
2019-12-10,13.583333333333334
2019-12-11,54.958333333333336
2019-12-12,101.25
2019-12-13,19.791666666666668
2019-12-14,28.833333333333332
2019-12-15,65.04166666666667
2019-12-16,11.083333333333334
2019-12-17,7.416666666666667
2019-12-18,81.70833333333333
2019-12-19,110.45833333333333
2019-12-20,111.41666666666667
2019-12-21,69.875
2019-12-22,107.25
2019-12-23,90.45833333333333
2019-12-24,103.45833333333333
2019-12-25,93.29166666666667
2019-12-26,56.708333333333336
2019-12-27,30.25
2019-12-28,76.95833333333333
2019-12-29,19.791666666666668
2019-12-30,15.333333333333334
2019-12-31,38.5
2020-01-01,53.791666666666664
2020-01-02,82.95833333333333
2020-01-03,11.833333333333334
2020-01-04,15.458333333333334
2020-01-05,69.91666666666667
2020-01-06,77.29166666666667
2020-01-07,55.708333333333336
2020-01-08,102.5
2020-01-09,111.20833333333333
2020-01-10,66.04166666666667
2020-01-11,61.166666666666664
2020-01-12,102.66666666666667
2020-01-13,32.0
2020-01-14,10.583333333333334
2020-01-15,122.25
2020-01-16,92.54166666666667
2020-01-17,132.54166666666666
2020-01-18,22.916666666666668
2020-01-19,107.79166666666667
2020-01-20,134.54166666666666
2020-01-21,130.45833333333334
2020-01-22,132.04166666666666
2020-01-23,90.75
2020-01-24,119.25
2020-01-25,15.791666666666666
2020-01-26,79.54166666666667
2020-01-27,52.125
2020-01-28,76.45833333333333
2020-01-29,130.75
2020-01-30,118.79166666666667
2020-01-31,63.291666666666664
2020-02-01,25.291666666666668
2020-02-02,63.333333333333336
2020-02-03,148.375
2020-02-04,42.583333333333336
2020-02-05,26.125
2020-02-06,10.0
2020-02-07,36.541666666666664
2020-02-08,117.29166666666667
2020-02-09,156.29166666666666
2020-02-10,19.375
2020-02-11,33.041666666666664
2020-02-12,107.125
2020-02-13,39.916666666666664
2020-02-14,88.58333333333333
2020-02-15,166.04166666666666
2020-02-16,130.83333333333334
2020-02-17,174.45833333333334
2020-02-18,75.54166666666667
2020-02-19,179.16666666666666
2020-02-20,105.79166666666667
2020-02-21,192.83333333333334
2020-02-22,197.5
2020-02-23,198.875
2020-02-24,162.83333333333334
2020-02-25,34.666666666666664
2020-02-26,42.916666666666664
2020-02-27,168.125
2020-02-28,125.33333333333333
2020-02-29,
2020-03-01,213.66666666666666
2020-03-02,189.41666666666666
2020-03-03,71.16666666666667
2020-03-04,214.91666666666666
2020-03-05,203.0
2020-03-06,24.583333333333332
2020-03-07,225.95833333333334
2020-03-08,223.75
2020-03-09,226.45833333333334
2020-03-10,83.95833333333333
2020-03-11,151.33333333333334
2020-03-12,66.08333333333333
2020-03-13,149.875
2020-03-14,220.125
2020-03-15,222.45833333333334
2020-03-16,189.29166666666666
2020-03-17,104.33333333333333
2020-03-18,210.25
2020-03-19,54.375
2020-03-20,113.79166666666667
2020-03-21,221.33333333333334
2020-03-22,191.25
2020-03-23,29.75
2020-03-24,242.875
2020-03-25,51.5
2020-03-26,261.375
2020-03-27,234.75
2020-03-28,19.625
2020-03-29,30.083333333333332
2020-03-30,53.333333333333336
2020-03-31,56.083333333333336
2020-04-01,214.54166666666666
2020-04-02,279.0833333333333
2020-04-03,142.875
2020-04-04,119.75
2020-04-05,157.875
2020-04-06,283.5416666666667
2020-04-07,205.625
2020-04-08,197.75
2020-04-09,118.08333333333333
2020-04-10,184.45833333333334
2020-04-11,277.7083333333333
2020-04-12,187.83333333333334
2020-04-13,43.208333333333336
2020-04-14,224.5
2020-04-15,278.4583333333333
2020-04-16,256.375
2020-04-17,192.20833333333334
2020-04-18,67.125
2020-04-19,270.4166666666667
2020-04-20,162.29166666666666
2020-04-21,162.5
2020-04-22,328.5
2020-04-23,163.75
2020-04-24,45.291666666666664
2020-04-25,254.54166666666666
2020-04-26,36.75
2020-04-27,93.5
2020-04-28,315.5833333333333
2020-04-29,127.08333333333333
2020-04-30,62.416666666666664
2020-05-01,176.45833333333334
2020-05-02,312.0833333333333
2020-05-03,211.16666666666666
2020-05-04,254.16666666666666
2020-05-05,247.16666666666666
2020-05-06,63.375
2020-05-07,339.375
2020-05-08,76.45833333333333
2020-05-09,282.2083333333333
2020-05-10,341.3333333333333
2020-05-11,176.75
2020-05-12,311.9583333333333
2020-05-13,348.0
2020-05-14,282.625
2020-05-15,254.45833333333334
2020-05-16,282.4583333333333
2020-05-17,205.29166666666666
2020-05-18,225.625
2020-05-19,292.9583333333333
2020-05-20,264.4583333333333
2020-05-21,346.2916666666667
2020-05-22,157.41666666666666
2020-05-23,139.95833333333334
2020-05-24,248.45833333333334
2020-05-25,214.125
2020-05-26,304.6666666666667
2020-05-27,245.29166666666666
2020-05-28,117.125
2020-05-29,167.33333333333334
2020-05-30,336.0833333333333
2020-05-31,363.7916666666667
2020-06-01,292.7916666666667
2020-06-02,171.25
2020-06-03,209.58333333333334
2020-06-04,305.6666666666667
2020-06-05,163.375
2020-06-06,272.75
2020-06-07,345.0416666666667
2020-06-08,357.6666666666667
2020-06-09,347.9583333333333
2020-06-10,293.2083333333333
2020-06-11,103.25
2020-06-12,344.9166666666667
2020-06-13,365.3333333333333
2020-06-14,358.4583333333333
2020-06-15,305.5833333333333
2020-06-16,324.8333333333333
2020-06-17,215.20833333333334
2020-06-18,181.08333333333334
2020-06-19,304.6666666666667
2020-06-20,226.75
2020-06-21,316.4583333333333
2020-06-22,340.4583333333333
2020-06-23,320.625
2020-06-24,333.4166666666667
2020-06-25,230.375
2020-06-26,279.0416666666667
2020-06-27,173.04166666666666
2020-06-28,309.4166666666667
2020-06-29,343.5
2020-06-30,225.16666666666666
2020-07-01,224.16666666666666
2020-07-02,321.1666666666667
2020-07-03,281.9583333333333
2020-07-04,284.2083333333333
2020-07-05,328.5
2020-07-06,177.125
2020-07-07,314.25
2020-07-08,216.91666666666666
2020-07-09,328.1666666666667
2020-07-10,42.666666666666664
2020-07-11,207.91666666666666
2020-07-12,332.9583333333333
2020-07-13,318.7083333333333
2020-07-14,324.6666666666667
2020-07-15,293.4583333333333
2020-07-16,235.66666666666666
2020-07-17,179.45833333333334
2020-07-18,332.5416666666667
2020-07-19,305.3333333333333
2020-07-20,288.375
2020-07-21,322.6666666666667
2020-07-22,263.2083333333333
2020-07-23,201.20833333333334
2020-07-24,102.5
2020-07-25,296.0416666666667
2020-07-26,290.9583333333333
2020-07-27,305.2083333333333
2020-07-28,294.2083333333333
2020-07-29,326.5833333333333
2020-07-30,242.25
2020-07-31,143.83333333333334
2020-08-01,310.375
2020-08-02,236.5
2020-08-03,280.0
2020-08-04,120.41666666666667
2020-08-05,315.8333333333333
2020-08-06,216.16666666666666
2020-08-07,121.54166666666667
2020-08-08,226.33333333333334
2020-08-09,259.75
2020-08-10,298.7916666666667
2020-08-11,266.9583333333333
2020-08-12,124.125
2020-08-13,100.25
2020-08-14,231.79166666666666
2020-08-15,179.79166666666666
2020-08-16,79.70833333333333
2020-08-17,221.375
2020-08-18,281.8333333333333
2020-08-19,185.95833333333334
2020-08-20,290.7916666666667
2020-08-21,240.83333333333334
2020-08-22,235.16666666666666
2020-08-23,168.08333333333334
2020-08-24,245.25
2020-08-25,263.1666666666667
2020-08-26,258.8333333333333
2020-08-27,256.0416666666667
2020-08-28,200.58333333333334
2020-08-29,105.875
2020-08-30,251.125
2020-08-31,115.75
2020-09-01,129.20833333333334
2020-09-02,110.875
2020-09-03,189.25
2020-09-04,250.54166666666666
2020-09-05,276.4583333333333
2020-09-06,263.1666666666667
2020-09-07,255.08333333333334
2020-09-08,254.125
2020-09-09,100.04166666666667
2020-09-10,108.375
2020-09-11,77.0
2020-09-12,231.0
2020-09-13,161.16666666666666
2020-09-14,213.41666666666666
2020-09-15,234.04166666666666
2020-09-16,214.95833333333334
2020-09-17,126.66666666666667
2020-09-18,177.29166666666666
2020-09-19,259.0833333333333
2020-09-20,248.58333333333334
2020-09-21,246.08333333333334
2020-09-22,243.25
2020-09-23,235.0
2020-09-24,99.75
2020-09-25,154.91666666666666
2020-09-26,121.5
2020-09-27,121.04166666666667
2020-09-28,166.16666666666666
2020-09-29,52.25
2020-09-30,213.41666666666666
2020-10-01,141.5
2020-10-02,145.75
2020-10-03,221.75
2020-10-04,139.5
2020-10-05,152.79166666666666
2020-10-06,199.16666666666666
2020-10-07,183.20833333333334
2020-10-08,204.95833333333334
2020-10-09,203.25
2020-10-10,116.375
2020-10-11,51.791666666666664
2020-10-12,29.291666666666668
2020-10-13,97.04166666666667
2020-10-14,193.375
2020-10-15,182.25
2020-10-16,17.833333333333332
2020-10-17,193.625
2020-10-18,171.5
2020-10-19,125.375
2020-10-20,113.95833333333333
2020-10-21,99.08333333333333
2020-10-22,76.66666666666667
2020-10-23,84.45833333333333
2020-10-24,64.625
2020-10-25,57.333333333333336
2020-10-26,36.875
2020-10-27,110.25
2020-10-28,24.75
2020-10-29,11.208333333333334
2020-10-30,56.166666666666664
2020-10-31,166.5
2020-11-01,37.125
2020-11-02,146.54166666666666
2020-11-03,122.625
2020-11-04,150.79166666666666
2020-11-05,137.58333333333334
2020-11-06,132.625
2020-11-07,145.95833333333334
2020-11-08,145.29166666666666
2020-11-09,143.04166666666666
2020-11-10,137.70833333333334
2020-11-11,22.583333333333332
2020-11-12,13.375
2020-11-13,40.416666666666664
2020-11-14,138.0
2020-11-15,54.791666666666664
2020-11-16,131.25
2020-11-17,48.625
2020-11-18,127.79166666666667
2020-11-19,104.20833333333333
2020-11-20,127.54166666666667
2020-11-21,90.0
2020-11-22,26.666666666666668
2020-11-23,83.29166666666667
2020-11-24,125.08333333333333
2020-11-25,62.875
2020-11-26,62.833333333333336
2020-11-27,63.541666666666664
2020-11-28,80.16666666666667
2020-11-29,119.08333333333333
2020-11-30,11.291666666666666
2020-12-01,38.75
2020-12-02,65.66666666666667
2020-12-03,103.41666666666667
2020-12-04,12.75
2020-12-05,29.875
2020-12-06,115.29166666666667
2020-12-07,102.29166666666667
2020-12-08,75.08333333333333
2020-12-09,37.416666666666664
2020-12-10,108.79166666666667
2020-12-11,103.16666666666667
2020-12-12,31.125
2020-12-13,89.25
2020-12-14,7.625
2020-12-15,104.66666666666667
2020-12-16,21.791666666666668
2020-12-17,87.875
2020-12-18,98.25
2020-12-19,90.91666666666667
2020-12-20,52.583333333333336
2020-12-21,86.79166666666667
2020-12-22,85.95833333333333
2020-12-23,90.20833333333333
2020-12-24,36.166666666666664
2020-12-25,10.208333333333334
2020-12-26,107.41666666666667
2020-12-27,109.54166666666667
2020-12-28,72.20833333333333
2020-12-29,103.75
2020-12-30,74.125
2020-12-31,14.416666666666666
